{"cameraMode":{"drawMode":0,"name":"Shaded","section":"Shading Mode"},"sceneLighting":true,"audioPlay":false,"sceneViewState":{"m_AlwaysRefresh":false,"showFog":true,"showSkybox":true,"showFlares":true,"showImageEffects":true,"showParticleSystems":true,"showVisualEffectGraphs":true,"m_FxEnabled":true},"in2DMode":false,"pivot":{"x":-11.842242240905762,"y":2.127117395401001,"z":0.24402964115142823},"rotation":{"x":-0.060668401420116428,"y":0.9199174642562866,"z":-0.15772978961467744,"w":-0.3538409173488617},"size":3.455789804458618,"orthographic":false}